id,Row,Número de Acuerdo,Descripción del Acuerdo,Responsable del Seguimiento,Fecha de Reunión,Fecha de Cumplimiento,Estado,Tipo de Sesión
0k0hrk92c7,84,YUC/11-JUL-24/CESO-003,"Informe individual de TÍA, presentar en orden de mayor a menor según identificadores aplicados.",MVZ. Francis Genovez Chanona,45484,45555,Cumplido,16va Ordinaria
0p1f6q7an1,37,CE-YUC-040523-001,Reunión de trabajo para definir convenio REEMO entre gobierno del Estado y las Uniones Ganaderas Regionales. Área Jurídica SEDER.,Ing. Gerardo Solis Pasos,45050,45051,cumplido,6ta Ordinaria
0qorehoauv,59,CE-YUC-071223-001,"Modificación de orden del día, agregando en asuntos generales temas como amparo de productor Eduardo Andrés y Calendario de reuniones 2024.",MVZ. Francis A. Genovez Chanona,45267,45267,Cumplido,13va Ordinara
0u7ihi13ky,10,CE-YUC-100123-002,Definir estrategia de fortalecimiento de identificación de Colmenas,Todos los integrantes,44936,44959,Cumplido,2da Ordinaria
0vh8ws9ssp,13,CE-YUC-100123-005,Reunión con la AGL de Tízimin para informar acerca del CESO y las actividades que desarrollarán en la operación del programa.,Todos los integrantes,44936,44951,Cumplido,2da Ordinaria
1dylg4ftjw,99,YUC/18-ENE-25/CESO-005,Agregar laminilla “INVENTARIO ESTATAL DE SERVICIOS PGN SINIIGA de la UGROY por distribución de por función zootecnica en similitud a la presentada por la ventanilla centro.,MVZ. Francis A. Genovez Chanona,45675,45775,Cumplido,18va Ordinaria
1ge20054d4,3,CE-YUC-281122-003,Se da a conocer el inventario de identificadores de las Ventanillas en el Estado.,MVZ. Francis A. Genovez Chanona,44893,44893,Cumplido,Instalación
1q8e20jxbu,38,CE-YUC-040523-002,"Exponer a éste Consejo la operación de los TIA, así como sus responsabilidades",Jefes de Ventanilla,45050,próxima reunión,cumplido,6ta Ordinaria
23bkh832ii,75,YUC/07-FEB-24/CESO-003,El CESO fue reestructurado de acuerdo a los Lineamientos referidos.,Todos los integrantes,45329,45329,Cumplido,3ra Extraordinaria
2fi50o3ujt,116,YUC/02-JUL -25/CESO-005,Incluir en las presentaciones un mapa en el que se aprecien los municipios en los que se está llevando a cabo la constatación progresiva de hatos (barrido) de tuberculosis bovina.,MVZ. Francis A. Genovez Chanona,45840,Próxima sesión,,20va Ordinaria
2o1c2mit7r,79,04/15-FEB-24/CESO-004,"En la tabla “Atención Upp´s Por Especie” en la columna “Upp's Histórico” el deglose por “vigentes”, “suspendidas” y “dadas de baja”",Jefa y Jefe de Ventanilla,45337,Permanente,Cumplido,15va Ordinaria
2tkqtts9op,41,CE-YUC-040523-005,Reunión de trabajo para tratar las recomendaciones de Aphis-USDA.,Ing. Gerardo Solis Pasos,45050,45058,Cumplido,6ta Ordinaria
2x1rd1wl9v,23,CE-YUC-020223-007,Se presentará en la siguiente reunión programa de Cursos de capacitación de TIA
y PIA.,MVZ. Francis A. Genovez Chanona,44959,44987,Cumplido,3ra Ordinaria
3g7y2xv31j,76,YUC/07-FEB-24/CESO-004,"Los integrantes del CESO designaron a sus suplentes como se establece en el punto 5 de la presente acta, quienes enviaron a través de oficio dirigido al presidente del CESO dicha designación para su formalización.",Todos los integrantes,45329,45329,Cumplido,3ra Extraordinaria
3hyb009nvw,51,CE-YUC-110923-003,Estrategia para la recolección de identificadores de rastros en Oriente,Jefes de Ventanilla,45180,45204,cumplido,10ma Ordinaria
3xi08nn62j,69,CE-YUC-180124-005,Presentar calendario para reuniones de 2024.,MVZ. Francis A. Genovez Chanona,45309,45329,Cumplido,14va Ordinaria
4ds7l55zra,45,CE-YUC-060723-004,Visita a PSG de Buctzotz para depuración de inventario en BCI y validación de los requisitos de operación.,Ing. Gerardo Solis Pasos,45113,45113,Cumplido,8va Ordinaria
4is7mggg73,27,CE-YUC-020323-004,Gobierno del Estado emitirá dictámen para registro de actividad de las PSG.,Ing. Gerardo Solis Pasos,44987,permanente,Permanente,4ta Ordinaria
4ku28yepfk,2,CE-YUC-281122-002,Los integrantes del CESO se dan por enterado acerca del manual de
funcionamiento del CESO.,MVZ. Francis A. Genovez Chanona,44893,44893,Cumplido,Instalación
4yimjad67c,50,CE-YUC-110923-002,Reportar la fecha de la última actualización de las claves de PSG.,MVZ. Francis A. Genovez Chanona,45180,45204,cumplido,10ma Ordinaria
55cth89u2h,1,CE-YUC-281122-001,Instalación del CESO en Yucatán.,MVZ. María del Refugio Medina Juárez,44893,44893,Cumplido,Instalación
594g80ws7y,9,CE-YUC-100123-001,Reunión extraordinaria a las 8:00 horas. para definir estrategia de atención a
claves de UPP que deben actualizar en PGN y BCI.,MVZ. María del Refugio Medina Juárez,44936,44950,Cumplido,2da Ordinaria
5p7fz57hiv,19,CE-YUC-020223-003,"Proponer la lista de elementos técnicos, administrativos y operativos, con los cuales deben contar los Espacios de Atención para otorgar los servicios de calidad.",MVZ. Francis A. Genovez Chanona,44959,44987,cumplido,3ra Ordinaria
5pmhjf0bfu,85,YUC/11-JUL-24/CESO-004,"Se propone suspender de manera “escalonada” según se indica a continuación:
• Suspender las PSG que no se han actualizado a partir del año 2010. Aviso a productores por a través de las Uniones 
• Activar las PSG suspendidas, previa solicitud del productor y opinión técnica del Gobierno del Estado, de acuerdo a los procedimientos SINIIGA. Aviso a productores por a través de las Uniones
• Del año 2022 al actual, aplicar el procedimiento del SINIIGA, para mantener actualizada la base de datos de PSG, de acuerdo a las movilizaciones. Aviso a productores por a través de las Uniones",Consulta para su procedencia por parte de la MVZ. Alejandra Reyes Saucedo.,45484,45533,Cumplido,16va Ordinaria
6nei3f7hgr,114,YUC/02-JUL-25/CESO-003,"Se realizará una reunión entre SINIIGA y SEDER para revisión, análisis y depuración de prestadores de servicios ganaderos.",Ing. Juan Carlos Rodríguez Andrade 
MVZ. Francis A. Genovez Chanona,45840,Semana del 7 al 12 de julio de 2025.,,20va Ordinaria
6xgavtap65,109,YUC/28-ABR-25/CESO-005,"Revisar información con el Comité Estatal de Fomento y Protección Pecuaria de Yucatán, S.C.P. para solicitar al SINIIGA el cierre de municipios por motivo de barrido.",Ing. Juan Carlos Rodríguez Andrade,45775,45783,Pendiente,19va Ordinaria
79a6o1rwce,61,CE-YUC-071223-003,Revisión de identificadores de rastro y orden de matanza,Jefes de Ventanilla,45267,45639,cumplido,13va Ordinara
7c4msoycxw,46,CE-YUC-030823-001,"Agregar concepto Autorizado por SEDER y actualizado por SINIIGA, para las
claves de PSG en el Estado.",Jefes de Ventanilla,45507,45507,Permanente,9na Ordinaria
7c8z93olbb,66,CE-YUC-180124-002,"Enviar lista de UPP con asignación de identificadores a TIA, agregando si son altas o actualizaciones en el PGN.",MVZ. Francis A. Genovez Chanona,45309,45329,Cumplido,14va Ordinaria
7n3wyspo1s,95,YUC/18-ENE-25/CESO-001,Se dará seguimiento a la validación por parte del Gobierno del Estado a las organizaciones ganaderas (retomar tabla de la 5ta sesión extraordinaria ),Gobierno del Estado,45675,,Pendiente,18va Ordinaria
8nowiqsv0w,62,CE-YUC-071223-004,siguiente reunión para inicio de 2024.,MVZ. Francis A. Genovez Chanona,45267,45413,cumplido,13va Ordinara
90reavt0gl,7,CE-YUC-051222-003,"Se convocará a reunión el 11/12/2022, con los Presidentes de las AGL correspondientes a la Unión Ganadera Regional del Oriente de Yucatán (UGROY), con la finalidad de informarles acerca del CESO y las disposiciones de identificación en lo futuro.",MVZ. María del Refugio Medina Juárez,44900,44906,Cumplido,1ra Ordinaria
9a98i3714e,64,CE-YUC-181223-002,"Se realizará consulta para definir el tema de los integrantes del CESO, ya que en los lineamientos para el funcionamiento del CESO del oficio de la DGSA, menciona como integrantes a la OREF de SADER Yucatán o Coordinación General de Ganadería.",MVZ. Alejandra Reyes Saucedo,45278,45309,cumplido,2da Extraordinaria
9jmuqlab2x,96,YUC/18-ENE-25/CESO-002,En la laminilla de PSG´s presentada por la ventanilla oriente y ventanilla centro se agregará el histórico,MVZ. Francis A. Genovez Chanona,45675,45775,Cumplido,18va Ordinaria
9k7x39gru3,56,CE-YUC-061123-002,"Presentar información de las claves de UPP, de acuerdo a las vigentes y su
inventario respectivo",Jefes de Ventanilla,45236,45267,Cumplido,12va Ordinaria
9sokfh729y,113,YUC/02-JUL-25/CESO-002,"La unidad de producción pecuaria que no participó en el proceso de constatación progresiva de hatos (barrido) de tuberculosis bovina, serán suspendidas y para su reactivación se deberá cumplir con el protocolo establecido para tal fin.",MVZ. Francis A. Genovez Chanona,45840,Permanente,,20va Ordinaria
9t5voqhc0l,94,YUC/20-SEPT-24/CESO-006,Se gestionará reunión extraordinaria con las autoridades entrantes del Gobierno del Estado para dar a conocer el estatus que guardan los asuntos relacionados con este Consejo con énfasis en los asuntos críticos.,Presidencia - Secretario,45555,45675,Cumplido,17va Ordinaria
aasis1xwhg,117,YUC/02-JUL -25/CESO-006,"La VAS Centro, revisará la información presentada con relación a los identificadores entregados solicitados – capturados contra los aplicados por TIA´s y PIA´s por la diferencia entre estos reportes.",MVZ. Francis A. Genovez Chanona,45840,A la brevedad,,20va Ordinaria
adgfbq9yro,17,CE-YUC-020223-001,El representante de Gobierno del Estado se dará a la tarea de solicitar
autorización para establecer subsidio del 50% en la adquisición de los identificadores de Colmenas.,Ing. Gerardo Solis Pasos,44959,44987,Cumplido,3ra Ordinaria
apxb5tmzw2,70,CE-YUC-180124-006,"Para los productores que quieran regularizar su situación ante el PGN (alta o actualización) y SINIIGA (identificación al 100% del hato), debe solicitar visita de campo a la Ventanilla y está se coordinará con SEDER.",Jefes de Ventanilla,45309,45310,Cumplido,14va Ordinaria
b5x3jd0gea,49,CE-YUC-110923-001,Validar las actualizaciones de las claves de UPP de bovinos y colmenas,Jefes de Ventanilla,45180,45204,Cumplido,10ma Ordinaria
bcqb9k60nk,6,CE-YUC-051222-002,"Se convocará a reunión el 10/12/2022, con los Presidentes de las AGL correspondientes a la Unión Ganadera Regional de Yucatán (UGRY), con la finalidad de informarles acerca del CESO y las disposiciones de identificación en lo futuro.",MVZ. María del Refugio Medina Juárez,44900,44905,Cumplido,1ra Ordinaria
bs3qavhe3h,42,CE-YUC-060723-001,Rutas de barrido de acuerdo a la identificación animal en las comunidades,Lic. Leticia Loria Medrano,45113,45113,Cumplido,8va Ordinaria
c0yd4s6rrl,92,YUC/20-SEPT-24/CESO-004,Con base en el reporte de informe individual de TIA se aplicará lo referido en el procedimiento con relación al tiempo de entrega de la documentación.,MVZ. Francis A. Genovez Chanona,45555,45675,Cumplido,17va Ordinaria
ckfv5ezv6d,54,CE-YUC-051023-002,Enviar a Gobierno del Estado el reporte de identificadores ubicados en las claves de PSG P08.,Jefes de Ventanilla,45204,45208,Cumplido,11va Ordinaria
crgye6nnfj,93,YUC/20-SEPT-24/CESO-005,Se enviará recomendación a los PIA´s a fin de que cumplen con los tiempos de entrega de información-documentación señalados en el procedimiento.,MVZ. Francis A. Genovez Chanona,45555,45675,Cumplido,17va Ordinaria
e5o7mp7n3e,43,CE-YUC-060723-002,Coordinación entre la Ventanilla Oriente de Yucatán con los enlaces de CFPP (MVZ. Oscar Correa XXX) y SEDER (MVZ. Moíses Martín Sima) para barrido en Tizimín.,Lic. Leticia Loria Medrano,45113,45113,Cumplido,8va Ordinaria
epah7ix0ml,28,CE-YUC-020323-005,Se atenderá la queja de productor Diego A. Loria Gil involucrado en abuso de confianza en el uso de su clave de UPP.,Ing. Gerardo Solis Pasos,44987,45020,Cumplido,4ta Ordinaria
euk6b3ayrb,111,YUC/28-ABR-25/CESO-007,"Una vez enviada la propuesta de Acta de cada sesión se contará con 3 días hábiles para la emisión de comentarios u observaciones, en caso no recibirse respuesta, se considerará validada.",Todos los integrantes,45775,Permanente,Pendiente,19va Ordinaria
exp2bonew1,80,04/15-FEB-24/CESO-005,Se proporcionará el listado de variables para solicitar informes.,MVZ. Francis A. Genovez Chanona,45337,Próxima reunión,Cumplido,15va Ordinaria
fqcco6nb8u,68,CE-YUC-180124-004,Presentar reporte de REEMO con destino a rastros en el 2023.,Dr. Roger Díaz,45309,45329,Cumplido,14va Ordinaria
g1ijbvs14s,106,YUC/28-ABR-25/CESO-002,Enviar presentaciones elaboradas por la VAS Centro de Yucatán y Vas Oriente de Yucatán por lo menos 3 días antes de la Sesión para su revisión y análisis por los integrantes del CESO.,MVZ. Francis A. Genovez Chanona,45775,Permanente,Pendiente,19va Ordinaria
g2w9oo31mr,39,CE-YUC-040523-003,Actualizar la clave de PSG de la Subasta Ganadera de Tizimín.,Ing. Gerardo Solis Pasos,45050,próxima reunión,Permanente,6ta Ordinaria
g6s783455x,67,CE-YUC-180124-003,Proponer la modificación de formatos para reporte mensual de Ventanillas,MVZ. Jose Joaquin Peral Rodríguez,45309,45329,Cumplido,14va Ordinaria
g955dj6ohy,104,YUC/18-ENE-25/CESO-010,"Se realizarán tres sesiones ordinarias en el 2025, llevándose a cabo el último viernes del mes de abril, julio y noviembre.",Todos los integrantes,45675,Permanente,Cumplido,18va Ordinaria
gqtaor1pk0,30,CE-YUC-020323-007,Actualización del convenio de colaboración REEMO entre las Uniones
Ganaderas Regionales y el Gobierno del Estado.,Dr. Roger Díaz,44987,45020,cumplido,4ta Ordinaria
gxgq8fuv82,18,CE-YUC-020223-002,"Se pondrá a disposición de la mesa la propuesta de lona publicitaria, donde se establezcan los servicios y costos de los mismos en cada Espacio de Atención.",MVZ. Francis A. Genovez Chanona,44959,44960,cumplido,3ra Ordinaria
gxkwh5v4a3,36,CE-YUC-040423-005,"Atención de la queja presentada por Eduardo J. Ándres Gonzalez, consiste en la validación de reseña de 48 identificadores bovinos en sistema.",MVZ. Ángel M. Castillo Camal,45020,45027,Cumplido,5ta Ordinaria
h00o0eojjg,89,YUC/20-SEPT-24/CESO-001,"Se agregará en la dispositiva “Reportes Enero - Agosto de los Servicios del PGN – SINIIGA.”, el reporte de bovinos por etapa productiva; 18° Sesión ordinaria CONCLUIDO (se presentó un informe general por parte de la Ventanilla centro)",MVZ. Francis A. Genovez Chanona,45555,45675,Cumplido,17va Ordinaria
h8vepcy60n,82,YUC/11-JUL-24/CESO-001,"Adecuar la tabla de identificadores entregados, devueltos (Atención de solicitudes de identificadores) VAS Centro",MVZ. Francis Genovez Chanona,45484,45555,Cumplido,16va Ordinaria
hebn5lpv1u,73,YUC/07-FEB-24/CESO-001,"Los integrantes del Consejo se dan por enterados de la Circular N°B00.02.-005-2024 emitida por la Dirección General de Salud Animal, así como, de los Lineamientos firmados el 19 de enero de 2024 y publicados en las páginas electrónicas de AGRICULTURA y SENASICA el 23 de enero de 2024.",Todos los integrantes,45329,45329,Cumplido,3ra Extraordinaria
i6ul1r7fim,60,CE-YUC-071223-002,reunión extraordinaria a las 17:00 horas para tratar avance de barrido.,Jefes de Ventanilla,45267,45278,Cumplido,13va Ordinara
i88sas9mnv,100,YUC/18-ENE-25/CESO-006,"En la presentación de la ventanilla centro, en la laminilla de solicitudes de identificadores agregar una comuna con aretes devueltos",MVZ. Francis A. Genovez Chanona,45675,45775,Cumplido,18va Ordinaria
ih7xs3d61q,101,YUC/18-ENE-25/CESO-007,Homologar formato de presentación (ventanilla oriente),MVZ. Francis A. Genovez,45675,,Pendiente,18va Ordinaria
ihq4x3u1sp,15,CE-YUC-240123-001,Propuesta de fotografía para validar identificación,Ing. Gerardo Solis Pasos,44950,44959,Cumplido,1ra Extraordinaria
ihq7jxbnd8,65,CE-YUC-180124-001,Agregar al reporte mensual el inventario de las claves de UPP actualizadas.,Jefes de Ventanilla,45309,45329,Cumplido,14va Ordinaria
itechm5v5g,8,CE-YUC-051222-004,Las sesiones del 2023 se realizarán el primer jueves de cada mes.,MVZ. María del Refugio Medina Juárez,44900,TODO 2023,Permanente,1ra Ordinaria
jd251eat1c,86,YUC/11-JUL-24/CESO-008,Análisis de aretes vigentes de la PSG de Humberto Bermejo,MVZ. Francis Genovez Chanona,45484,45484,Cumplido,16va Ordinaria
jzvcpn4v0n,14,CE-YUC-100123-006,Próxima reunión ordinaria,MVZ. María del Refugio Medina Juárez,44936,44959,Cumplido,2da Ordinaria
kb3ypzo12z,74,YUC/07-FEB-24/CESO-002,"Se realiza la interpretación del punto D. SESIONES DEL CONSEJO ESTATAL DE SEGUIMIENTO OPERATIVO, inciso d, para precisar que se refiere al 50% (por ciento) más uno de los integrantes del Consejo.",Mtro. Orlando Arellano Muraoka,45329,45329,Cumplido,3ra Extraordinaria
khht61pbfp,20,CE-YUC-020223-004,Se establecerá la bitácora correspondiente de solicitudes de información que lleguen a éste consejo.,MVZ. Francis A. Genovez Chanona,44959,44959,cumplido,3ra Ordinaria
km6secdauo,35,CE-YUC-040423-004,Definir variables para análisis de reporte de actividades de TIA,Jefes de Ventanilla,45020,45050,Cumplido,5ta Ordinaria
kuh9r0ub0i,71,CE-YUC-180124-007,Enviar el Directorio de Ventanillas SINIIGA y de Centros Expeditores de REEMO,Jefes de Ventanilla,45309,45310,Cumplido,14va Ordinaria
llwrr6wm0g,48,CE-YUC-030823-003,Presentar las claves de PSG vigentes de bovinos y colmenas.,Jefes de Ventanilla,45507,45507,permanente,9na Ordinaria
n3uhi61pem,40,CE-YUC-040523-004,Reportar mensualmente los registros y actualizaciones así como la asignación de identificadores por especie.,Jefes de Ventanilla,45050,próxima reunión,Permanente,6ta Ordinaria
ngaqnojqqd,52,CE-YUC-110923-004,"Incorporar en la firma de actas, los anexos de cada reunión.",MVZ. Francis A. Genovez Chanona,45180,45204,cumplido,10ma Ordinaria
nq9s3396mj,97,YUC/18-ENE-25/CESO-003,Se retomará el seguimiento del Acuerdo relacionado con la suspensión de PSG´s que no han actualizado o terminado su trámite en las ventanillas (oficio 447/24 de SESER) Acuerdo YUC/29-AGO-24/CESO-001,MVZ. Francis A. Genovez Chanona,45675,,Pendiente,18va Ordinaria
ns6fqufwm2,112,YUC/02-JUL-25/CESO-001,"En municipios que ya se encuentren cerrados por concepto de constatación progresiva de hatos (barrido) de tuberculosis bovina, no se dará de alta ni se actualizará ninguna unidad de producción pecuaria que no demuestre fehacientemente que los animales ya fueron muestreados.",MVZ. Francis A. Genovez Chanona,45840,Permanente,,20va Ordinaria
nvjihcetdq,25,CE-YUC-020323-002,Los jefes VAS de Yucatán serán invitados permanentes de éste Consejo.,MVZ. Francis A. Genovez Chanona,44987,permanente,Cumplido,4ta Ordinaria
o0uvtugxlj,58,CE-YUC-061123-004,"Enviar a Centro Operativo Nacional oficio de suspensión de claves de PSG, las cuales no han actualizado su expediente ante Gobierno del Estado.",Ing. Gerardo Solis Pasos,45236,45267,Cumplido,12va Ordinaria
oc5w7xy0oa,22,CE-YUC-020223-006,"Se envía a los integrantes del Consejo la propuesta de Carta compromiso del productor, para apoyar a cumplir la trazabilidad en el Estado, para recibir observaciones hasta el 6 de febrero próximo para definir formato y autorizarlo.",Ing. Gerardo Solis Pasos,44959,44963,Cumplido,3ra Ordinaria
ot07bqmpap,29,CE-YUC-020323-006,Se invitará al presidente y usuario de REEMO de la AGL de Buctzotz involucrado en el caso del productor Diego A. Loria Gil.,MVZ. María del Refugio Medina Juárez,44987,45020,Cumplido,4ta Ordinaria
ovxkkw8o4e,115,YUC/02-JUL-25/CESO-004,La Dirección de Sanidad Agropecuaria solicitará al SINIIGA la baja de los centros de acopio para exportación.,Ing. Juan Carlos Rodríguez Andrade,45840,Semana del 7 al 12 de julio de 2025.,,20va Ordinaria
paqpr6ho4s,78,04/15-FEB-24/CESO-003,Incluir en las tablas de “ALTAS DE UPP y ALTAS DE PSG” el número de animales con los que se dieron de alta.,Jefa y Jefe de Ventanilla,45337,Permanente,Cumplido,15va Ordinaria
pixtulr8dx,21,CE-YUC-020223-005,"La invitación del Presidente de la AGL de Súcila, la responderá el Presidente de éste Consejo. Así como la carta del productor Susano López la responderá el Secretario Técnico del mismo.",MVZ. María del Refugio Medina Juárez,44959,44963,Cumplido,3ra Ordinaria
po8ist9zg1,55,CE-YUC-061123-001,"Modificación del orden del día, incluyendo en asuntos generales el tema de plataforma SENASICA.",MVZ. Francis A. Genovez Chanona,45236,45236,cumplido,12va Ordinaria
pp8yxp8bto,98,YUC/18-ENE-25/CESO-004,"La información correspondiente a la relación de TIA, se dividirá la tabla para mejor apreciación de los datos.",MVZ. Francis A. Genovez Chanona,45675,45775,Cumplido,18va Ordinaria
qbdmipg63a,44,CE-YUC-060723-003,Estrategia de apoyo en la adquisición de identificadores para barrido,Ing. Gerardo Solis Pasos,45113,45141,cumplido,8va Ordinaria
qi8ajk545x,4,CE-YUC-281122-004,Siguiente reunión de trabajo,MVZ. María del Refugio Medina Juárez,44893,44893,Cumplido,Instalación
qiykoqs6a6,88,YUC/29-AGO-24/CESO-002,SINIIGA proporcionará la base de datos a Gobierno del Estado de PSG´s que cumplieron con el trámite de autorización para integrarlas al programa de supervisión que realiza SEDER a través de la Dirección de Sanidad Agropecuaria.,MVZ. Francis A. Genovez Chanona,45533,45541,Cumplido,5ta Extraordinaria
qj0idh2wnr,107,YUC/28-ABR-25/CESO-003,"Presentar por separado las situación de las PSG´s, agregando una columna para diferenciar las ya existentes y las de nuevo reconocimiento.",MVZ. Francis A. Genovez Chanona,45775,Próxima reunión,Pendiente,19va Ordinaria
qngbds4d2m,11,CE-YUC-100123-003,Permitir la identificación del 100% de animales en las claves de UPP (por única vez) en éste 2023.,MVZ. Francis A. Genovez Chanona,44936,TODO 2023,Permanente,2da Ordinaria
r1s2amg79f,12,CE-YUC-100123-004,"Después del 100% de identificación de la UPP, la siguiente ocasión, debe solicitar únicamente identificar incremento natural y rearetados.",MVZ. Francis A. Genovez Chanona,44936,TODO 2023,Permanente,2da Ordinaria
r5vcg55ymc,32,CE-YUC-040423-001,"Enviar 24 horas antes de cada reunión la información correspondiente de las reuniones, para conocimiento de los integrantes.",MVZ. Francis A. Genovez Chanona,45020,permanente,Permanente,5ta Ordinaria
s2c4lg01py,34,CE-YUC-040423-003,"Presentar información de identificadores recolectados de rastros, cotejada
con guías REEMO (destino rastro) y la cantidad de matanza reportado por CFPP",Jefes de Ventanilla,45020,45050,Permanente,5ta Ordinaria
sos6qem3kz,87,YUC/29-AGO-24/CESO-001,"El Gobierno del Estado, emitirá oficio dirigido al Centro Operativo Nacional con copia a las ventanillas autorizadas en Yucatán solicitando la suspensión de las 333 PSG´s incluidas en el periodo de 2010 a 2020 del cuadro presentado por la MVZ. María del Refugio Medina Juárez, Titular de la Representación de la Secretaría de Agricultura y Desarrollo Rural en Yucatán.
Se dará de plazo hasta el 31 de diciembre de 2024, para que las 169 PSG´s del año 2021 se actualicen, en caso contrario, se suspenderán del Padrón Ganadero nacional (PGN).
Se reitera que a partir del 01 de enero del 2025, con base en la declaración de decir verdad que firma el productor, que a la letra dice: “Declaro bajo protesta de decir verdad, que los datos contenidos en este formato son ciertos, así mismo, me comprometo a acatar todas las normas vigentes y lineamientos establecidos por la Secretaria de Agricultura y Desarrollo Rural, además de actualizar esta información por lo menos una vez cada dos años, después de obtenida la clave de PSG”, las PSG que incumplan con esta disposición, se suspenderán sin mediar notificación. Previo a lo anterior, se pondrán avisos en las ventanillas de atención para conocimiento del público en general.",M.Sc. Gerardo Solís Pasos,45533,45541,Cumplido,5ta Extraordinaria
spmhoi65xf,108,YUC/28-ABR-25/CESO-004,"Envío de base de datos de PSG´s para programar reunión extraordinaria para depuración de la misma, previa revisión y análisis.",MVZ. Francis A. Genovez Chanona,45775,45775,Pendiente,19va Ordinaria
ssmk7kcqjb,103,YUC/18-ENE-25/CESO-009,Aplicar procedimiento SINIIGA en aquellos TIA´s que han sobrepasado el tiempo estipulado para la devolución de documentación y/o aretes no aplicados. (YUC/20-SEPT-24/CESO-004),Uniones,45675,Permanente,Cumplido,18va Ordinaria
sw1cqp7dwq,105,YUC/28-ABR-25/CESO-001,"En caso de que un TIA no regrese los aretes o la documentación dentro del plazo de 15 días naturales autorizados, se le suspenderá en caso de reincidir por 3 (tres) ocasiones, previa revisión y análisis de cada caso (seguimiento YUC/20-SEPT-24/CESO-004)",MVZ. Francis A. Genovez Chanona,45775,Permanente,Pendiente,19va Ordinaria
t43q887pmn,33,CE-YUC-040423-002,Enviar información de listas de PSG a Gobierno del Estado para validación.,Jefes de Ventanilla,45020,45027,Permanente,5ta Ordinaria
tls1l60r5,118,YUC/02-JUL -25/CESO-007,Se enviará al Coordinador Peninsular del SINIIGA el Acta USDA – APHIS para sustento de suspensión de unidad de producción pecuaria por no haber participado en la constatación progresiva de hatos (barrido) de tuberculosis bovina.,Ing. Abigail Estrada Estrada,45840,Semana del 7 al 12 de julio de 2025.,,20va Ordinaria
tpfpbh9e3l,91,YUC/20-SEPT-24/CESO-003,"Se agregará en la dispositiva “Reportes Mensuales de los Servicios del PGN – SINIIGA Atención Upp´s Por Especie.”, la columna de inventario:",MVZ. Francis A. Genovez Chanona,45555,45675,Cumplido,17va Ordinaria
ucrg9ub7vk,77,01/15-FEB-24/CESO-001,Se convocará a la 4ta sesión extraordinaria a celebrarse el 11 de abril de 22 a las 16:00 hrs. para dar seguimiento a los 14 acuerdos pendientes.,Presidencia – Secretario Técnico,45337,45386,Cumplido,15va Ordinaria
ujnfpu32gj,81,Sin Acuerdos,Dar a conocer el estatus de los acuerdos posterior a la reestructura,Todos los integrantes,45400,,Cumplido,4ta Extraordinaria
uwxr0jwb84,72,CE-YUC-180124-008,Presentar propuesta de plan de trabajo para 2024.,MVZ. Alejandra Reyes Saucedo,45309,45329,Cumplido,14va Ordinaria
uxxevnp2qr,90,YUC/20-SEPT-24/CESO-002,"Se consultará al administrador del Sistema REEMO estatal la factibilidad de generar un reporte detallado 
18° Sesión ordinaria Parcialmente Concluido Se aclaró que la información que se requiere es el estado de destino, motivo y número de cabezas.
Se presentó oficio OFP037/2025",MVZ. Francis A. Genovez Chanona,45555,45675,Cumplido,17va Ordinaria
vpm5bdet0k,16,CE-YUC-240123-002,"Proponer reunión entre representantes de CESO entre Campeche, Yucatán y Quintana Roo",MVZ. María del Refugio Medina Juárez,44950,44959,Cumplido,1ra Extraordinaria
vuwhtfm7lx,47,CE-YUC-030823-002,Consulta a SENASICA el tema de la reasignación de identificadores del predio Cuarentenado del productor José Eduardo Andrés Gonzalez.,MVZ. Victor Calderón Jiménez,45507,45180,cumplido,9na Ordinaria
w050zcwrn6,5,CE-YUC-051222-001,"El Centro Operativo Nacional (CON) enviará la base de datos del 56% de las claves de UPP que requieren actualización para este 2023. Dicha base debe contener clave de UPP, Productor, Municipio, Localidad, Inventario y última fecha de actualización.",M.V.Z. Francis A. Genovez Chanona,44900,44903,Cumplido,1ra Ordinaria
w21cpuky2y,31,CE-YUC-020323-008,Propuesta de protocolo de movilización con guía REEMO.,Ing. Gerardo Solis Pasos,44987,45020,Cumplido,4ta Ordinaria
xfz0m5mama,26,CE-YUC-020323-003,Los jefe VAS deberán reportar de manera mensual las actividades operativas realizadas en sus respectivos Espacios de Atención.,MVZ. Francis A. Genovez Chanona,44987,permanente,Permanente,4ta Ordinaria
xqhzqi3vju,24,CE-YUC-020323-001,Modificación de la redacción del orden del día en el punto 10. Simplemente
queda como acuerdos.,MVZ. Francis A. Genovez Chanona,44987,44987,Cumplido,4ta Ordinaria
xrgxahrevt,57,CE-YUC-061123-003,"solicitar la actualización del reporte de claves de UPP vigentes y su
inventario por especie, para realizar el comparativo con años 2021-2023.",MVZ. Francis A. Genovez Chanona,45236,45267,Cumplido,12va Ordinaria
y43my3z2o8,63,CE-YUC-181223-001,"Los integrantes del CESO respetarán los 30 días hábiles para la reestructura del CESO, y con ello, acatar la instrucción total de la Dirección General de Salud Animal.",MVZ. María del Refugio Medina Juárez,45278,45644,cumplido,2da Extraordinaria
yrx81cl62f,83,YUC/11-JUL-24/CESO-002,"Presentar informes por especie (bovinos, colmenas, ovinos, caprinos)",MVZ. Francis Genovez Chanona,45484,45555,Cumplido,16va Ordinaria
yvjm27kl6n,102,YUC/18-ENE-25/CESO-008,Agregar histórico en la laminilla “reporte de la Situación del PGN SINIIGA (ventanilla centro),MVZ. Francis A. Genovez Chanona,45675,45775,Cumplido,18va Ordinaria
z562jb7i8v,110,YUC/28-ABR-25/CESO-006,Presentar el estatus de los acuerdos alcanzados en las sesiones del CESO mediante la elaboración de un presentación.,Ing. Abigail Estrada Estrada,45775,Permanente,Pendiente,19va Ordinaria
z572tvlahw,53,CE-YUC-051023-001,Enviar a Gobierno del Estado las 44 claves de PSG de sacrificio vigentes en el estado.,Jefes de Ventanilla,45204,45208,cumplido,11va Ordinaria